{
    "lbfgs_final_loss": 0.23000475138110546,
    "adam_final_loss": 0.3956992216031119
}