{
    "adam_losses": [
        0.024112045849224915,
        0.025527081248893548,
        0.025836626203906442,
        0.025766385470463365,
        0.024138122126290046
    ],
    "adamw_losses": [
        0.019665282165838852,
        0.019910783089702573,
        0.019194903270692565,
        0.017337360796348594,
        0.021132979569476355
    ],
    "adam_accs": [
        0.9786,
        0.9714,
        0.9791,
        0.9783,
        0.9766
    ],
    "adamw_accs": [
        0.9798,
        0.9781,
        0.978,
        0.9771,
        0.9764
    ]
}