{
    "mse_gradient_error": 1.0229319765697178e-10,
    "logistic_gradient_error": 8.451275174779156e-11
}