{
    "final_loss": 0.7398508341509293,
    "final_norm": 0.5759100789259912,
    "sv_count": 462
}